"Code","Département","Commune","Exprimés_T1","Abstentions_T1","Nb_voix_Le_Pen_T1","Voix_Le_Pen_T1","Exprimés_T2","Abstentions_T2","Nb_voix_Le_Pen_T2","Voix_Le_Pen_T2","Age_18_24ans","Age_30_44ans","Age_45_59ans","Agriculteurs_exploitants","Artisans_commerçants_chefs_d'entreprise","Cadres_professions_intellectuelles_supérieures","Employés","Ouvriers","Professions_intermédiaires","Retraités","Sans_activité_professionelles_ou_autre","Chômage","Salariés_emploi_précaire","Non_diplomés_non_scolarisés","Diplomés_supérieur_non_scolarisés","Indicateur_dépendance_économique","Immigrés","Vivant_quartier_prioritaire","Densité_population","Médiane_revenu_dispo_par_unité_consommation","Ressource_plus_50_pct_Caf","Rsa"
"97101","Guadeloupe","Les Abymes",17880,21694,2924,16.35,16356,21773,12184,74.49,8.7,16.4,21.8,0.2,4.3,3,20.4,11.7,10.8,21.3,28.3,31,17.9,39.4,19.5,103,7.5,32.9,658.63,NA,49.2,211.4
"97102","Guadeloupe","Anse-Bertrand",1484,3185,307,20.69,1723,2822,1276,74.06,6.6,13.2,26.1,2.5,4,2.1,17.4,11.9,10.1,28.8,23.3,24.3,21.2,47.8,13.4,113,1,0,64.02,NA,42.9,145.4
"97103","Guadeloupe","Baie-Mahault",10678,11502,1589,14.88,10068,11128,6504,64.6,9.2,19.5,21.8,0.2,5,8.8,20.8,8.3,16.7,16.8,23.5,18.4,16.4,29.8,32.9,91,4.5,0,670.37,NA,35.5,104.9
"97104","Guadeloupe","Baillif",1869,2673,344,18.41,1996,2379,1445,72.39,5.8,14,22.4,1.5,3.6,3.2,16.8,8.6,9.8,28.4,28.2,31.6,13.7,45.2,16.4,129,4.6,57.2,214.12,NA,52,166.9
"97105","Guadeloupe","Basse-Terre",3691,5377,621,16.82,3465,5295,2498,72.09,8.4,14.9,21.7,0.2,3.1,2.4,21.1,10.6,8.5,24.9,29.2,39.8,17.5,42.6,14.4,115,7.5,16.3,1706.06,NA,52.5,221.6
"97106","Guadeloupe","Bouillante",2482,3813,386,15.55,2495,3578,1416,56.75,6.3,14.1,25.7,0,3.5,3.3,17.5,12.6,10,28.2,25,33.6,26.2,41.3,15,109,1.3,0,157.55,NA,52.1,193.9
"97107","Guadeloupe","Capesterre-Belle-Eau",6432,8655,1463,22.75,6701,7991,5284,78.85,7,14.4,23.8,1.1,4.2,2.8,17.4,12.7,8.9,24.9,27.9,39,17,51.2,12.8,112,7.1,42.8,171.74,NA,53.8,204.6
"97108","Guadeloupe","Capesterre-de-Marie-Galante",927,2206,169,18.23,1091,1942,710,65.08,6.2,14.2,25.3,2.7,5.6,3.1,16.9,9.3,5.2,30.7,26.6,25.1,27.9,46.4,16.5,116,4.3,0,71.4,NA,53.8,118.8
"97109","Guadeloupe","Gourbeyre",2410,2896,336,13.94,2273,2823,1604,70.57,6.8,16.1,23.6,0.6,3.3,5.2,22.4,8.9,13.2,24.2,22.2,27.1,16.2,39.6,20.9,106,3.2,0,344.58,NA,47.7,161.7
"97110","Guadeloupe","La Désirade",541,1062,159,29.39,705,866,564,80,5.2,14.5,25.7,5.6,3.6,1.2,17.7,10.1,10.5,31.5,19.8,31.3,21.5,55.7,11.4,106,1.8,0,67.19,NA,50.8,169
"97111","Guadeloupe","Deshaies",1661,2172,218,13.12,1613,2089,976,60.51,6.5,13.3,27.3,1.7,6.1,3.5,15.8,8.5,9.5,26.3,28.6,26.7,22.2,41.4,17,106,2.9,0,128.55,NA,49.3,153
"97112","Guadeloupe","Grand-Bourg",1569,3316,276,17.59,1674,3099,1091,65.17,5.1,14.5,24.7,4.3,5.8,3,17.7,9.9,7.7,30,21.6,26.6,27.4,49,14.6,119,5.2,0,87.68,NA,51.5,179.5
"97113","Guadeloupe","Le Gosier",9626,10899,1517,15.76,8866,11026,5468,61.67,6.1,18.3,23.3,0.3,7.4,8.1,18.2,8.9,14.5,22.2,20.4,20.8,14.7,31.5,31.1,97,5.5,0,586.04,NA,44.3,162.9
"97114","Guadeloupe","Goyave",2409,3023,410,17.02,2363,2862,1584,67.03,7.6,17.4,23.8,0.3,4.2,6.7,20.1,8.2,16.1,20,24.4,29.2,19.5,33.5,25.3,99,6.1,0,127.21,NA,48.2,161.6
"97115","Guadeloupe","Lamentin",6049,6671,1119,18.5,5594,6646,4134,73.9,7.3,17,24.1,0.6,5,5.8,19.7,11.4,14.9,19.8,22.8,25,19,32.6,24.8,96,4.1,0,249.3,NA,43.4,163.1
"97116","Guadeloupe","Morne-à-l'Eau",5076,8101,915,18.03,5239,7532,3807,72.67,7.1,14.5,23.4,0.7,3.8,2.6,18,10.7,10.4,25.8,28.1,27.8,19.1,45.5,17.3,114,3.2,0,255.74,NA,49.7,183.1
"97117","Guadeloupe","Le Moule",8023,9809,1802,22.46,7992,9345,5728,71.67,6.2,16.3,24.1,1.5,5.7,4,17.1,12.4,11,24.6,23.7,32.1,20.4,45.6,18.2,106,4.5,19.1,267.37,NA,49.8,176.7
"97118","Guadeloupe","Petit-Bourg",8667,8814,1370,15.81,8125,8679,5167,63.59,5.8,19.5,23.2,0.5,5.8,10.9,17.9,9.2,15.1,19.4,21.3,23.4,14.4,30.1,33.2,94,3.7,0,190.58,NA,38.8,121.2
"97119","Guadeloupe","Petit-Canal",2346,4192,452,19.27,2888,3465,2224,77.01,7.3,14.1,25.5,2.4,4.5,1.9,17,12.7,11.1,23.8,26.5,24.4,19.5,40.6,18.1,105,3.7,0,116.35,NA,46.4,141.7
"97120","Guadeloupe","Pointe-à-Pitre",5188,5846,825,15.9,4670,5939,3180,68.09,12.1,16.1,19,0.2,5,3.3,20.5,10.4,10.1,21.4,29.1,36.9,23.3,43.2,18.8,103,10.6,84.3,5707.14,NA,49.2,267.4
"97121","Guadeloupe","Pointe-Noire",2425,4111,497,20.49,2581,3824,1930,74.78,6.4,13.3,25.7,0.2,5.2,2.1,18.1,10.7,7.3,28.9,27.4,34.8,27.3,47.4,13.2,114,0.9,0,101.02,NA,54.4,210.5
"97122","Guadeloupe","Port-Louis",1589,3564,324,20.39,1902,3101,1457,76.6,6.7,16.3,23.1,2.6,3,2,16.3,9.2,7.9,25.5,33.4,30.2,26.1,43.9,14.6,109,6.9,0,126.99,NA,54.5,200.8
"97124","Guadeloupe","Saint-Claude",3889,3743,607,15.61,3577,3728,2121,59.3,7.2,15.5,23.4,0.7,4.1,8.6,18.9,6.6,14.5,24.6,22.1,20.7,14.5,28.7,34.2,112,4.1,0,305.13,NA,35,94.9
"97125","Guadeloupe","Saint-François",5845,5833,1235,21.13,5588,5727,3782,67.68,6,17.2,24.7,2.1,7.2,4.7,15.9,9.8,12.6,21.6,26.2,26.9,17.6,37.6,22.6,102,5.1,0,191.62,NA,46.4,201.6
"97126","Guadeloupe","Saint-Louis",783,1834,193,24.65,924,1630,671,72.62,4.6,15,24.5,6.9,5.2,1,15.8,10.1,9.1,32.1,19.8,29.3,36.5,61.6,8.3,120,2.4,0,42.59,NA,50,191
"97128","Guadeloupe","Sainte-Anne",8041,9828,1427,17.75,7698,9503,5354,69.55,6.7,16.6,24.4,0.5,5.7,4.6,18.5,11,12.5,23.9,23.5,32.2,20.1,43.2,20,102,5.2,0,300.8,NA,46.2,149.5
"97129","Guadeloupe","Sainte-Rose",6090,8398,1305,21.43,6386,7605,4760,74.54,6.5,15.1,24.6,1.1,5.5,3.7,18.4,11.3,10.3,22.8,27,31.9,21.5,46.7,16.9,109,5.4,34.1,151.64,NA,48,173.1
"97130","Guadeloupe","Terre-de-Bas",356,719,83,23.31,448,623,211,47.1,4.4,8.3,26.3,3.1,6.2,0,7.4,8,8,38.7,28.8,27.6,17.6,63.8,6.6,143,0.9,0,143.38,NA,52.2,128.3
"97131","Guadeloupe","Terre-de-Haut",600,1221,130,21.67,660,1136,423,64.09,5.3,12.2,31.1,1.1,6.4,3.3,21.3,16.9,6,21.3,23.6,18.4,26.9,53,12.8,98,1.3,0,253.17,NA,37.3,140.8
"97132","Guadeloupe","Trois-Rivières",3259,3895,625,19.18,3245,3702,2176,67.06,5.5,12.8,25,0.9,2.7,4.2,16.5,8.8,14,27.9,24.9,25.9,16.8,39.4,20.7,123,3.7,0,252.8,NA,49.1,187.3
"97133","Guadeloupe","Vieux-Fort",729,903,118,16.19,705,863,467,66.24,6.4,15.7,25.4,0.6,3.2,4.5,24.3,11,12.3,23,21,28.4,19.7,37.1,23.6,102,1.2,0,254.42,NA,48.3,151.3
"97134","Guadeloupe","Vieux-Habitants",2471,4637,458,18.54,2724,4163,1910,70.12,7.2,12.2,24.8,0.7,3.7,1.7,18.9,10.5,10.8,26.3,27.4,34.7,21.6,47,13.7,119,3.2,0,121.12,NA,53.2,219.1
"97201","Martinique","L'Ajoupa-Bouillon",526,956,82,15.59,563,883,330,58.61,5.7,12.4,24.9,1.4,3.5,2.1,16.4,16.7,6.9,29.9,23,31.9,15.9,54.9,9.9,124,3.4,0,142.76,16110,48.6,156.5
"97202","Martinique","Les Anses-d'Arlet",1183,2056,158,13.36,1259,1876,792,62.91,5.8,15.4,26,1,4.7,3,18.8,9.7,11.1,27.7,24,25.3,30.3,43.2,17.5,104,1.6,0,134.8,16890,47.9,164.5
"97203","Martinique","Basse-Pointe",1126,2147,238,21.14,1253,1917,861,68.72,5.1,12.4,25.3,0.9,3.3,1.1,14.9,16.6,6.5,37.1,19.6,28.5,26.6,61,7.5,124,2.2,0,101,16190,39.8,167.6
"97204","Martinique","Le Carbet",1454,1628,156,10.73,1308,1617,700,53.52,5.5,14.5,25.5,2.1,2.6,4.8,17.1,9.1,12.7,31.7,19.8,17.9,18,38.9,25,113,1.7,0,96.14,20410,34.8,106
"97205","Martinique","Case-Pilote",1710,1665,168,9.82,1502,1689,758,50.47,6.9,16.4,25.1,1.1,5.7,8.5,17.1,8.6,15.5,22.8,20.6,16.3,19,28.7,32.8,97,1.7,0,241.59,24450,33.4,84
"97206","Martinique","Le Diamant",2312,2860,276,11.94,2119,2840,1150,54.27,5.7,18.3,26.4,0.5,6.6,7.5,15.3,8.7,16.7,21.6,23.2,16.1,17.9,28,31.9,89,1.8,0,201.57,20910,37.6,116.1
"97207","Martinique","Ducos",5931,7057,720,12.14,5565,6798,3571,64.17,7.4,18,23.8,0.4,4.3,5.9,19,10.7,14.1,22,23.5,16.2,15.8,31.3,26.6,91,2.3,0,468.43,22490,34.7,102.4
"97208","Martinique","Fonds-Saint-Denis",248,410,39,15.73,261,382,164,62.84,6,9.3,28.9,3.1,4.7,2.3,16.4,11.7,14.1,36.7,10.9,25,34.9,47,10,119,0.4,0,28.01,16210,49.3,139.1
"97209","Martinique","Fort-de-France",24131,34779,2734,11.33,22591,33822,13058,57.8,7.4,16.5,23.1,0.2,3.6,6.5,19.5,10,13.1,24.2,22.9,23.3,18.2,36.4,26.4,103,5.2,24.7,1730.65,19190,44.4,181.3
"97210","Martinique","Le François",6398,9420,900,14.07,6575,8688,4329,65.84,6.2,14.2,26.3,1,4.7,4.4,18.6,12.6,10.9,26.5,21.3,24,17.7,40.2,21,102,1.3,0,296.31,19050,43.7,174.1
"97211","Martinique","Grand'Rivière",242,472,34,14.05,250,454,161,64.4,4,9,23.3,1,3.1,0,18.7,15.6,6.2,35.4,19.8,24.7,3.4,61.9,6.1,160,3.8,0,36.75,16580,36.2,133.7
"97212","Martinique","Gros-Morne",3084,4856,572,18.55,3262,4450,2182,66.89,6.8,12.3,24.9,1.2,2.9,2.4,17.8,14.4,9.8,30.4,21.1,31.1,20.6,54.2,11.6,117,1.2,0,178.6,17850,47.4,185.2
"97213","Martinique","Le Lamentin",11916,14862,1597,13.4,11146,14545,6988,62.7,7.8,17.2,24.3,0.3,3.9,6.1,21.1,11.6,14.8,21.1,21,19.8,18.9,35,26.8,93,2.9,4.3,643.37,20480,37.3,127.3
"97214","Martinique","Le Lorrain",2440,3887,469,19.22,2785,3391,1829,65.67,6.4,12.3,25.4,2.4,2.6,1.6,15.6,14.7,6.7,28.8,27.6,26.2,19.8,49.3,10.7,116,1.4,0,134.47,15630,46.7,191
"97215","Martinique","Macouba",270,721,69,25.56,326,657,246,75.46,7.1,13,24.4,0,1.7,0.6,14.7,19.7,2.7,31.2,29.5,29.7,19.8,65.9,5.4,114,1.6,0,62.02,16190,40.6,153.8
"97216","Martinique","Le Marigot",1049,2004,169,16.11,1156,1817,727,62.89,5.7,10.3,27,0.9,3.7,2,18.6,13.9,6.7,28.6,25.6,23.3,21.8,47.6,14.5,124,0.7,0,144.11,16750,42.2,155.4
"97217","Martinique","Le Marin",2424,4313,305,12.58,2453,4029,1458,59.44,6.4,15.5,25.1,0.7,4.1,3.7,19.2,10.6,12.1,26,23.6,24.9,23.9,37.5,19.9,104,3,0,277.46,17910,44.7,153.6
"97218","Martinique","Le Morne-Rouge",1629,2519,271,16.64,1684,2369,975,57.9,6.6,12,24.2,1.2,1.9,3.3,16.4,15.3,10.5,27.8,23.6,23.2,20.2,47.9,14,126,3,0,127.39,17520,42,134.4
"97219","Martinique","Le Prêcheur",538,900,102,18.96,538,855,370,68.77,6.5,13.8,23,5,2.2,1.4,20.1,14.8,8.6,30.2,17.9,28.5,40.3,59.2,6.1,120,4.4,0,40.21,14230,55.7,248.4
"97220","Martinique","Rivière-Pilote",3399,7371,396,11.65,3441,6982,2443,71,6.3,12.9,27.7,0.6,4.1,2.1,21.1,13.3,9,24.3,25.5,31.1,20.6,55.5,12.4,105,0.5,0,331.95,18230,44.7,164.2
"97221","Martinique","Rivière-Salée",3936,6066,480,12.2,3875,5730,2429,62.68,7.1,15,25.5,0.5,4.2,5.4,18,9.7,13.9,23.6,24.7,24,17.1,38.1,22,105,1.9,0,301.52,18930,43.4,160.3
"97222","Martinique","Le Robert",7466,10146,1172,15.7,7331,9584,4770,65.07,7,15.6,25,0.6,4,4.1,21,13.6,12.5,22.9,21.4,27.4,18.7,41.6,20.9,99,1,9.1,463.28,19070,41.3,137.4
"97223","Martinique","Saint-Esprit",2845,4561,366,12.86,2818,4292,1880,66.71,7.1,14.9,25.6,0.6,3.7,2.3,21.7,11.8,9.8,27.6,22.4,22.8,15.5,38.6,18.4,102,1,0,421.57,18650,41.5,136.1
"97224","Martinique","Saint-Joseph",5016,6904,737,14.69,4911,6636,3153,64.2,6.3,14.8,24.6,0.2,3.6,4.6,19.5,12,12.9,27.1,20.2,23.5,17.2,39.2,21.7,110,1.2,0,366.9,19860,40.4,141.5
"97225","Martinique","Saint-Pierre",1492,2179,236,15.82,1499,2071,964,64.31,6.6,12.9,24,1.6,3.5,1.3,18.4,13.5,8.1,25.1,28.4,26.5,23.2,47.2,13.3,119,6.1,0,106.43,15150,51,175.3
"97226","Martinique","Sainte-Anne",1488,2751,230,15.46,1493,2584,941,63.03,5.4,13.3,26.8,0.9,4.6,2.6,19.3,9.8,9.5,28.2,24.9,22.4,34.2,39.3,18.3,111,1.7,0,115.67,17610,47.5,181.5
"97227","Martinique","Sainte-Luce",3400,4344,379,11.15,3228,4192,1820,56.38,5.3,15.4,27,0.5,5.1,7,19.8,9.1,13.9,25.3,19.2,17.6,17.3,29.1,27.3,100,1.7,0,338.58,20800,36.8,124.3
"97228","Martinique","Sainte-Marie",5690,10276,996,17.5,6348,9172,4104,64.65,6.8,13.3,26.5,1.4,3.3,1.5,16.6,12.1,7.9,26.9,30.4,28.1,20.6,55.4,9.6,104,1,7.9,347.63,16100,49.7,196.1
"97229","Martinique","Schoelcher",7916,7009,788,9.95,7097,6978,3439,48.46,9.4,16.4,22.6,0.1,4.8,11.6,15.7,5.9,16.8,25.6,19.4,15.9,16.2,22.7,44.9,105,2.1,0,926.41,24120,29.8,100.9
"97230","Martinique","La Trinité",4388,5524,570,12.99,4002,5519,2148,53.67,6.6,14.8,24.9,1,3.5,6.1,19.5,10.3,12.7,26.5,20.3,24.6,19,35.9,25.6,108,1.2,0,262.73,19440,45.4,177.2
"97231","Martinique","Les Trois-Ilets",3028,3066,363,11.99,2772,3056,1351,48.74,5.6,18.5,25.5,0.5,6.1,10,19.2,8.4,15.1,23.3,17.6,21.9,19.5,26,35,92,2.7,0,253.22,21810,38.7,133.3
"97232","Martinique","Le Vauclin",2783,5147,502,18.04,3003,4711,1957,65.17,5.9,12.8,25.3,1.7,3.4,2.6,18.2,11.6,10.1,30.5,21.9,26.5,22.1,42.7,17.3,117,1.1,0,220.66,17590,43.7,185.2
"97233","Martinique","Le Morne-Vert",769,835,102,13.26,779,774,472,60.59,4.3,14.2,24.5,4.4,5.1,3.5,18,5.7,13.3,33.1,17.1,17,34.4,43.3,20.9,123,1,0,135.83,20430,42.2,106.3
"97234","Martinique","Bellefontaine",722,897,119,16.48,725,841,480,66.21,8.2,14.9,24,0.4,1.8,4.3,26.2,13.5,12.4,20.2,21.3,24.8,18.1,36.9,19.8,102,1.7,0,152.48,18840,36.3,118.7
"97301","Guyane","Régina",205,313,44,21.46,230,276,125,54.35,12.9,16.2,18.7,9.1,0.8,2.3,17.6,16.8,6.8,10.7,35.9,45.8,44.4,60,10.4,97,36.5,0,0.07,NA,NA,NA
"97302","Guyane","Cayenne",9072,15309,1698,18.72,8812,14877,5771,65.49,10.9,20.9,15.5,0.1,4.2,5.7,18.9,10.8,11.5,10.2,38.6,31.5,25.6,46.4,19.3,95,33.9,56.4,2775.13,NA,46.7,133.3
"97303","Guyane","Iracoubo",329,843,76,23.1,464,685,322,69.4,10.2,17,16,6.9,4.1,0.8,14.6,12.2,7.3,12.9,41.3,40.9,30.8,56.7,7.6,117,24.9,0,0.63,NA,NA,NA
"97304","Guyane","Kourou",4236,6429,722,17.04,3683,6288,2013,54.66,9.7,20.8,17,0.3,3.5,6.6,20.8,12.7,13.2,5.8,37,30.2,25.3,44.9,22.4,99,32.8,52,11.53,NA,42.7,111.3
"97305","Guyane","Macouria",2597,4330,535,20.6,2659,4032,1941,73,9.9,20.3,17.1,1.4,3.4,4.5,17.2,11.7,16.9,6,38.8,29.3,20.9,44.3,20,102,24.7,68.6,42.96,NA,45,130.1
"97306","Guyane","Mana",699,2101,79,11.3,733,2023,367,50.07,10.3,17.5,12.1,7,2.1,3,8.8,5.6,7,5.6,60.9,33.3,37.2,67.1,9,134,34.2,0,1.84,NA,63.8,120.9
"97307","Guyane","Matoury",5264,7771,1008,19.15,5286,7337,3514,66.48,9.6,19,17.1,0.2,4.6,4.4,17.6,13.4,11.6,8.9,39.2,30.6,23.5,50,17.5,106,32.3,65.4,243.88,NA,47.2,128.8
"97308","Guyane","Saint-Georges",356,1267,97,27.25,467,1143,232,49.68,9.6,19.3,11.7,0,1.9,1.4,15.3,6.2,6.4,4.1,64.7,57.5,36.1,73.5,8.5,127,32.3,0,1.83,NA,75.5,296.9
"97309","Guyane","Remire-Montjoly",6933,6067,1155,16.66,6258,6112,3538,56.54,7.7,24,19.1,0.2,4.2,13.1,16.4,7.7,18.3,11.6,28.5,16.8,16.4,35,35,80,22.3,15.2,571.63,NA,27.7,55.6
"97310","Guyane","Roura",781,1220,149,19.08,866,1094,526,60.74,8,23.8,20,11.9,4.2,3.9,14.7,12,14.3,8.9,30,18,12.5,41.2,20.1,78,28,0,0.89,NA,49.1,78.6
"97311","Guyane","Saint-Laurent-du-Maroni",2803,11005,354,12.63,2994,10584,1576,52.64,11.1,16.6,10.5,0.5,2.3,3.8,12.7,8.2,8.6,2.9,61.1,51.4,36.3,56.6,14,144,26.7,84.4,9.86,NA,69.6,228.3
"97312","Guyane","Sinnamary",578,1166,130,22.49,590,1111,426,72.2,7.4,17.3,17.9,1,1.8,3.3,17.8,15.8,11,10.8,38.6,32.1,24.8,47.7,15.4,120,26.3,0,2.15,NA,50.2,116.7
"97313","Guyane","Montsinéry-Tonnegrande",518,804,124,23.94,540,736,393,72.78,6.2,20.5,19.2,3,2.8,5.9,17.4,11.3,11.5,15,33.1,22,20.4,33.2,23.2,104,23.4,0,4.93,NA,51.2,98.1
"97314","Guyane","Ouanary",20,36,8,40,19,37,16,84.21,6,20,16.5,4.5,0,0,33.3,8.3,12.1,8.3,33.3,26,40,57.6,6.4,113,38,0,0.22,NA,NA,NA
"97352","Guyane","Saül",44,71,6,13.64,32,71,25,78.13,8.6,13.8,24.3,0,10.7,0,25,10.7,10.7,7.1,35.7,23.2,7.7,28.2,11.7,88,7.2,0,0.03,NA,42.1,NA
"97353","Guyane","Maripasoula",317,2002,51,16.09,481,1824,212,44.07,11.4,35.7,7.6,0.3,1.3,1.1,3.5,3,2.5,0.7,87.6,70.7,33.3,79.8,2.4,58,46,0,0.64,NA,78.6,85
"97356","Guyane","Camopi",241,840,36,14.94,412,663,142,34.47,11.7,17.4,7.8,0,0,1,8.7,12.4,6.2,1.5,70.1,35,76.7,85.6,4.2,139,1.8,0,0.19,NA,78.5,338.6
"97357","Guyane","Grand-Santi",171,1140,8,4.68,144,1162,35,24.31,13.1,18.2,9.5,0.4,1,0.3,2.6,8.1,3,0.1,84.4,34.9,22,87,3,128,24.9,0,4.16,NA,86.2,92.4
"97358","Guyane","Saint-Elie",40,13,2,5,33,15,5,15.15,7.2,38.4,36.9,1.9,10.5,2.4,7.2,63.2,4.8,2.4,7.7,0,10.8,40.6,6.6,10,91.4,0,0.04,NA,NA,NA
"97360","Guyane","Apatou",369,1689,18,4.88,160,1696,52,32.5,13.3,15.9,8.2,0,0.9,1.4,4.8,2.5,3.4,0.5,86.7,75.4,43.7,74.8,4.8,153,31.2,0,4.69,NA,80.4,109.7
"97361","Guyane","Awala-Yalimapo",128,573,24,18.75,222,469,112,50.45,10.3,18.5,13.9,0,1.1,0.5,19.6,12,4.3,7.1,55.5,73.1,46.8,63.5,4.5,117,24.6,0,7.73,NA,69.1,NA
"97362","Guyane","Papaichton",160,765,10,6.25,186,735,94,50.54,8.5,31,16.8,0.3,1.4,1,4.4,45.4,4,0.2,43.2,25,13.9,86,3.2,59,44.2,0,2.19,NA,76.7,61.1
"97401","La Réunion","Les Avirons",5571,3698,1212,21.76,5510,3376,3256,59.09,6.5,20.8,23.9,1.1,3.9,8,19.5,11.8,15.7,16.7,23.4,25.8,19.2,37.2,27.4,86,1.9,0,435.48,19370,36.1,125
"97402","La Réunion","Bras-Panon",5115,4825,1447,28.29,5575,4075,3688,66.15,7.9,19.1,22.8,1.3,2.8,4.6,23.7,14.7,12.4,13.8,26.6,33,24.4,41.6,18.3,86,1.3,0,147.45,16490,43.3,158.8
"97403","La Réunion","Entre-Deux",3790,2023,1164,30.71,3749,1783,2469,65.86,7.1,19.6,22.3,1.2,4,4.1,20.2,13.1,14.3,20,23.3,28.8,33.1,40.3,21.7,95,1.2,0,103.65,17420,33.5,115.5
"97404","La Réunion","L'Etang-Salé",7157,5174,1673,23.38,7290,4500,4393,60.26,7.2,20.4,22.8,1.4,3.7,7.3,19.1,12.1,14.9,18.5,23.1,27.1,20.5,39.3,26.3,88,0.9,0,363.75,19250,36.3,128.1
"97405","La Réunion","Petite-Ile",6256,4177,1731,27.67,6359,3751,4077,64.11,6.8,19.1,22.4,2.7,3.4,3.6,19.7,12,12.4,19.9,26.4,32.6,21.3,48.9,16.5,95,1,0,365.31,16630,40.7,148.5
"97406","La Réunion","La Plaine-des-Palmistes",2924,2318,1206,41.24,3163,1944,2332,73.73,7.4,19.2,19.8,2.4,4.4,2.8,21.8,14.6,9.9,18.4,25.7,32.1,31.9,43.8,13.5,104,0.7,0,79.65,15770,40.9,151
"97407","La Réunion","Le Port",12433,13274,2767,22.26,12831,12070,7669,59.77,10,16.9,20.9,0.1,2.3,1.3,19.9,16.5,8.3,13.1,38.4,44.7,28.1,54,9.1,98,4.4,75.3,1984.18,14660,50.3,229.2
"97408","La Réunion","La Possession",13202,10757,2651,20.08,13241,9866,7174,54.18,7.6,21.6,21,0.2,3.9,8.5,19.4,12.4,18.5,12.5,24.6,22.3,19.3,30.8,29.9,83,1.9,2.9,278.71,20140,35.8,127.1
"97409","La Réunion","Saint-André",17904,21752,5315,29.69,19807,18874,12671,63.97,9.5,18.4,20.7,0.6,3.8,3,20.9,12.8,10.4,11.9,36.7,34.5,23.4,44.3,15.6,94,2.4,23.8,1072.21,14730,49.2,204.5
"97410","La Réunion","Saint-Benoît",13896,14552,4135,29.76,15373,12369,9838,64,9.2,18,20.1,1.5,2.7,2.4,20.1,12.6,9.2,13.6,37.9,35.6,22.8,49,13.4,102,1.3,32.1,161.3,14430,52.9,241.9
"97411","La Réunion","Saint-Denis",57464,47830,12790,22.26,58311,43918,29772,51.06,10.5,18.3,20.4,0.2,3.1,7.3,20.2,10.1,14.1,16,29.1,29.4,21.8,39.3,25.7,93,5.5,22.8,1077.18,17770,39.9,151.8
"97412","La Réunion","Saint-Joseph",18779,11801,5335,28.41,18645,10694,13048,69.98,7.2,18.9,22.2,1.8,2.9,2.1,22,14.6,9.3,17.8,29.6,43.8,28.4,50.8,12.3,98,1,15.1,212.43,14810,47.9,189.7
"97413","La Réunion","Saint-Leu",14219,13784,2910,20.47,14324,12454,8342,58.24,7.3,21.4,22.4,1,4.4,5.7,20.2,14.9,13.3,14.7,25.8,34.8,22.4,42.8,22.5,83,1.6,13,292.19,17100,44.9,180.3
"97414","La Réunion","Saint-Louis",18167,24970,4974,27.38,21224,20648,13926,65.61,9,18.7,20.3,0.7,3,2.2,21.6,14.9,8.8,14.1,34.7,37.9,24.6,48.2,13.2,96,1.5,34.1,537.11,14790,50.4,225.6
"97415","La Réunion","Saint-Paul",41966,41438,7770,18.51,44492,35697,23019,51.74,7.6,20.8,22.7,0.6,3.9,6.4,17.8,13.1,13,14.7,30.4,28.4,20,40.7,24.9,85,1.6,9,427.75,18130,42.4,159.7
"97416","La Réunion","Saint-Pierre",35837,28723,7905,22.06,36386,25888,20452,56.21,9.2,19.6,21.1,0.9,3.8,5.5,20.6,12.8,12.9,14.2,29.4,34,26.4,41.5,22.5,88,2.5,23.6,885.32,16910,44.5,173.8
"97417","La Réunion","Saint-Philippe",2426,2343,766,31.57,2682,2132,2048,76.36,7.3,18,23.8,3.6,2.4,0.8,23,13.2,8,19.3,29.6,40.3,28.7,54.1,9.4,93,0.7,0,33.77,14320,48.7,177.4
"97418","La Réunion","Sainte-Marie",13258,12779,3555,26.81,14352,10986,8610,59.99,8.4,20.2,21.7,0.4,3.7,6.2,21.6,13.9,14.2,13.4,26.5,26.8,20.5,38.4,23,84,2.1,13.3,390.56,18350,39.8,140.3
"97419","La Réunion","Sainte-Rose",3080,2337,803,26.07,3808,1502,2094,54.99,8.3,17.1,23.8,4.6,2.4,0.3,19.7,19.5,7.7,15.8,30,41.2,35.6,57.5,7.6,95,1,0,35.73,13510,52.8,237.4
"97420","La Réunion","Sainte-Suzanne",9117,9378,2447,26.84,9934,8036,6450,64.93,9.5,19.3,21.8,0.7,3.3,4.1,21.8,14.3,13.6,13,29.1,31.8,20.2,42.2,18.3,89,1.4,12.7,416.06,17480,43.7,158.8
"97421","La Réunion","Salazie",2626,3353,915,34.84,3284,2608,2161,65.8,8,18.1,22.1,3.8,2.7,1.1,17,21,6.4,12.2,35.7,41.2,22.5,59.7,7.5,95,0.8,0,68.73,12960,55.7,235.9
"97422","La Réunion","Le Tampon",36267,25881,11028,30.41,37848,22552,25522,67.43,9.2,18.3,20.8,1.8,3.9,3.6,21.1,13.3,11.4,16.7,28.2,35,25.5,44.8,18,96,1.6,10.4,482.52,15880,43.6,163.1
"97423","La Réunion","Les Trois-Bassins",3170,3227,734,23.15,3531,2630,2180,61.74,8.2,18.3,24.3,1.1,2.8,3.5,24.3,18.4,10.4,12.1,27.4,35.5,24.8,46.5,13.7,85,1.1,0,164.75,16250,44.9,187.9
"97424","La Réunion","Cilaos",2142,2765,537,25.07,2545,2235,1776,69.78,7.7,19.5,23.5,1,3,1.5,21.8,21.6,6.5,16.7,28,46.6,33.7,63.5,6.8,87,0.7,0,65.62,13580,52.3,193.5
"97601","Mayotte","Acoua",1243,1791,661,53.18,1332,1628,998,74.92,NA,NA,NA,NA,NA,NA,NA,NA,NA,NA,NA,NA,NA,NA,NA,NA,NA,NA,NA,NA,35.4,NA
"97602","Mayotte","Bandraboua",1610,3551,890,55.28,1912,3188,1269,66.37,NA,NA,NA,NA,NA,NA,NA,NA,NA,NA,NA,NA,NA,NA,NA,NA,NA,NA,NA,NA,38.3,NA
"97603","Mayotte","Bandrele",1695,2457,836,49.32,1882,2186,1270,67.48,NA,NA,NA,NA,NA,NA,NA,NA,NA,NA,NA,NA,NA,NA,NA,NA,NA,NA,NA,NA,37,NA
"97604","Mayotte","Bouéni",2092,2090,1307,62.48,2276,1844,1766,77.59,NA,NA,NA,NA,NA,NA,NA,NA,NA,NA,NA,NA,NA,NA,NA,NA,NA,NA,NA,NA,31.4,NA
"97605","Mayotte","Chiconi",2204,2538,1074,48.73,2491,2199,1207,48.45,NA,NA,NA,NA,NA,NA,NA,NA,NA,NA,NA,NA,NA,NA,NA,NA,NA,NA,NA,NA,40.1,NA
"97606","Mayotte","Chirongui",1776,2860,784,44.14,2196,2392,1301,59.24,NA,NA,NA,NA,NA,NA,NA,NA,NA,NA,NA,NA,NA,NA,NA,NA,NA,NA,NA,NA,37.9,NA
"97607","Mayotte","Dembeni",1520,2772,525,34.54,1692,2539,842,49.76,NA,NA,NA,NA,NA,NA,NA,NA,NA,NA,NA,NA,NA,NA,NA,NA,NA,NA,NA,NA,40.4,NA
"97608","Mayotte","Dzaoudzi",2646,3417,781,29.52,2696,3296,1207,44.77,NA,NA,NA,NA,NA,NA,NA,NA,NA,NA,NA,NA,NA,NA,NA,NA,NA,NA,NA,NA,35,NA
"97609","Mayotte","Kani-Kéli",1709,2028,1048,61.32,1929,1779,1478,76.62,NA,NA,NA,NA,NA,NA,NA,NA,NA,NA,NA,NA,NA,NA,NA,NA,NA,NA,NA,NA,34.7,NA
"97610","Mayotte","Koungou",2277,4171,801,35.18,2425,3918,1198,49.4,NA,NA,NA,NA,NA,NA,NA,NA,NA,NA,NA,NA,NA,NA,NA,NA,NA,NA,NA,NA,38.3,NA
"97611","Mayotte","Mamoudzou",5846,10275,1671,28.58,6247,9607,2748,43.99,NA,NA,NA,NA,NA,NA,NA,NA,NA,NA,NA,NA,NA,NA,NA,NA,NA,NA,NA,NA,36.1,NA
"97612","Mayotte","Mtsamboro",1880,3664,923,49.1,2173,3244,1609,74.05,NA,NA,NA,NA,NA,NA,NA,NA,NA,NA,NA,NA,NA,NA,NA,NA,NA,NA,NA,NA,38.1,NA
"97613","Mayotte","M'Tsangamouji",1463,2595,713,48.74,1574,2405,1194,75.86,NA,NA,NA,NA,NA,NA,NA,NA,NA,NA,NA,NA,NA,NA,NA,NA,NA,NA,NA,NA,45.2,NA
"97614","Mayotte","Ouangani",1180,2739,563,47.71,1364,2465,854,62.61,NA,NA,NA,NA,NA,NA,NA,NA,NA,NA,NA,NA,NA,NA,NA,NA,NA,NA,NA,NA,34.8,NA
"97615","Mayotte","Pamandzi",1911,2165,712,37.26,1998,2149,1092,54.65,NA,NA,NA,NA,NA,NA,NA,NA,NA,NA,NA,NA,NA,NA,NA,NA,NA,NA,NA,NA,29.1,NA
"97616","Mayotte","Sada",2307,3303,982,42.57,2432,3063,1533,63.03,NA,NA,NA,NA,NA,NA,NA,NA,NA,NA,NA,NA,NA,NA,NA,NA,NA,NA,NA,NA,25,NA
"97617","Mayotte","Tsingoni",1691,2608,687,40.63,1783,2475,1128,63.26,NA,NA,NA,NA,NA,NA,NA,NA,NA,NA,NA,NA,NA,NA,NA,NA,NA,NA,NA,NA,35.5,NA
"97801","Nouvelle-Calédonie","Belep",52,881,3,5.77,45,886,6,13.33,NA,NA,NA,NA,NA,NA,NA,NA,NA,NA,NA,NA,NA,NA,NA,NA,NA,NA,NA,NA,NA,NA
"97802","Nouvelle-Calédonie","Boulouparis",1429,1817,359,25.12,1523,1700,703,46.16,NA,NA,NA,NA,NA,NA,NA,NA,NA,NA,NA,NA,NA,NA,NA,NA,NA,NA,NA,NA,NA,NA
"97803","Nouvelle-Calédonie","Bourail",1792,2819,404,22.54,1975,2584,805,40.76,NA,NA,NA,NA,NA,NA,NA,NA,NA,NA,NA,NA,NA,NA,NA,NA,NA,NA,NA,NA,NA,NA
"97804","Nouvelle-Calédonie","Canala",236,3324,9,3.81,146,3424,23,15.75,NA,NA,NA,NA,NA,NA,NA,NA,NA,NA,NA,NA,NA,NA,NA,NA,NA,NA,NA,NA,NA,NA
"97805","Nouvelle-Calédonie","Dumbéa",9318,13050,2028,21.76,9793,12346,4107,41.94,NA,NA,NA,NA,NA,NA,NA,NA,NA,NA,NA,NA,NA,NA,NA,NA,NA,NA,NA,NA,NA,NA
"97806","Nouvelle-Calédonie","Farino",393,258,110,27.99,420,235,191,45.48,NA,NA,NA,NA,NA,NA,NA,NA,NA,NA,NA,NA,NA,NA,NA,NA,NA,NA,NA,NA,NA,NA
"97807","Nouvelle-Calédonie","Hienghène",339,2149,20,5.9,170,2310,28,16.47,NA,NA,NA,NA,NA,NA,NA,NA,NA,NA,NA,NA,NA,NA,NA,NA,NA,NA,NA,NA,NA,NA
"97808","Nouvelle-Calédonie","Houailou",310,3404,21,6.77,245,3456,53,21.63,NA,NA,NA,NA,NA,NA,NA,NA,NA,NA,NA,NA,NA,NA,NA,NA,NA,NA,NA,NA,NA,NA
"97809","Nouvelle-Calédonie","Ile des Pins",250,1581,16,6.4,277,1540,53,19.13,NA,NA,NA,NA,NA,NA,NA,NA,NA,NA,NA,NA,NA,NA,NA,NA,NA,NA,NA,NA,NA,NA
"97810","Nouvelle-Calédonie","Kaala-Gomen",266,1475,58,21.8,242,1499,95,39.26,NA,NA,NA,NA,NA,NA,NA,NA,NA,NA,NA,NA,NA,NA,NA,NA,NA,NA,NA,NA,NA,NA
"97811","Nouvelle-Calédonie","Koné",1102,3917,215,19.51,1091,3918,398,36.48,NA,NA,NA,NA,NA,NA,NA,NA,NA,NA,NA,NA,NA,NA,NA,NA,NA,NA,NA,NA,NA,NA
"97812","Nouvelle-Calédonie","Koumac",902,2189,254,28.16,1116,1937,519,46.51,NA,NA,NA,NA,NA,NA,NA,NA,NA,NA,NA,NA,NA,NA,NA,NA,NA,NA,NA,NA,NA,NA
"97813","Nouvelle-Calédonie","La Foa",1413,1970,271,19.18,1640,1723,679,41.4,NA,NA,NA,NA,NA,NA,NA,NA,NA,NA,NA,NA,NA,NA,NA,NA,NA,NA,NA,NA,NA,NA
"97814","Nouvelle-Calédonie","Lifou",1015,9931,41,4.04,590,10313,136,23.05,NA,NA,NA,NA,NA,NA,NA,NA,NA,NA,NA,NA,NA,NA,NA,NA,NA,NA,NA,NA,NA,NA
"97815","Nouvelle-Calédonie","Maré",336,6597,18,5.36,312,6604,87,27.88,NA,NA,NA,NA,NA,NA,NA,NA,NA,NA,NA,NA,NA,NA,NA,NA,NA,NA,NA,NA,NA,NA
"97816","Nouvelle-Calédonie","Moindou",308,505,73,23.7,330,478,114,34.55,NA,NA,NA,NA,NA,NA,NA,NA,NA,NA,NA,NA,NA,NA,NA,NA,NA,NA,NA,NA,NA,NA
"97817","Nouvelle-Calédonie","Mont-Dore",8850,12865,1825,20.62,9215,12179,3927,42.62,NA,NA,NA,NA,NA,NA,NA,NA,NA,NA,NA,NA,NA,NA,NA,NA,NA,NA,NA,NA,NA,NA
"97818","Nouvelle-Calédonie","Nouméa",32202,39464,5635,17.5,32500,38296,11912,36.65,NA,NA,NA,NA,NA,NA,NA,NA,NA,NA,NA,NA,NA,NA,NA,NA,NA,NA,NA,NA,NA,NA
"97819","Nouvelle-Calédonie","Ouégoa",334,1882,62,18.56,330,1875,120,36.36,NA,NA,NA,NA,NA,NA,NA,NA,NA,NA,NA,NA,NA,NA,NA,NA,NA,NA,NA,NA,NA,NA
"97820","Nouvelle-Calédonie","Ouvéa",144,4259,2,1.39,115,4279,31,26.96,NA,NA,NA,NA,NA,NA,NA,NA,NA,NA,NA,NA,NA,NA,NA,NA,NA,NA,NA,NA,NA,NA
"97821","Nouvelle-Calédonie","Païta",5838,9774,1331,22.8,6544,8952,2866,43.8,NA,NA,NA,NA,NA,NA,NA,NA,NA,NA,NA,NA,NA,NA,NA,NA,NA,NA,NA,NA,NA,NA
"97822","Nouvelle-Calédonie","Poindimié",519,3817,47,9.06,480,3800,144,30,NA,NA,NA,NA,NA,NA,NA,NA,NA,NA,NA,NA,NA,NA,NA,NA,NA,NA,NA,NA,NA,NA
"97823","Nouvelle-Calédonie","Ponérihouen",215,2463,18,8.37,138,2541,36,26.09,NA,NA,NA,NA,NA,NA,NA,NA,NA,NA,NA,NA,NA,NA,NA,NA,NA,NA,NA,NA,NA,NA
"97824","Nouvelle-Calédonie","Pouébo",114,2293,4,3.51,42,2363,7,16.67,NA,NA,NA,NA,NA,NA,NA,NA,NA,NA,NA,NA,NA,NA,NA,NA,NA,NA,NA,NA,NA,NA
"97825","Nouvelle-Calédonie","Pouembout",621,1179,116,18.68,655,1110,259,39.54,NA,NA,NA,NA,NA,NA,NA,NA,NA,NA,NA,NA,NA,NA,NA,NA,NA,NA,NA,NA,NA,NA
"97826","Nouvelle-Calédonie","Poum",163,1320,13,7.98,111,1369,34,30.63,NA,NA,NA,NA,NA,NA,NA,NA,NA,NA,NA,NA,NA,NA,NA,NA,NA,NA,NA,NA,NA,NA
"97827","Nouvelle-Calédonie","Poya",606,1918,122,20.13,578,1922,237,41,NA,NA,NA,NA,NA,NA,NA,NA,NA,NA,NA,NA,NA,NA,NA,NA,NA,NA,NA,NA,NA,NA
"97828","Nouvelle-Calédonie","Sarraméa",94,433,19,20.21,91,430,39,42.86,NA,NA,NA,NA,NA,NA,NA,NA,NA,NA,NA,NA,NA,NA,NA,NA,NA,NA,NA,NA,NA,NA
"97829","Nouvelle-Calédonie","Thio",195,2019,25,12.82,165,2048,69,41.82,NA,NA,NA,NA,NA,NA,NA,NA,NA,NA,NA,NA,NA,NA,NA,NA,NA,NA,NA,NA,NA,NA
"97830","Nouvelle-Calédonie","Touho",279,1717,31,11.11,178,1800,48,26.97,NA,NA,NA,NA,NA,NA,NA,NA,NA,NA,NA,NA,NA,NA,NA,NA,NA,NA,NA,NA,NA,NA
"97831","Nouvelle-Calédonie","Voh",527,1902,109,20.68,426,2000,177,41.55,NA,NA,NA,NA,NA,NA,NA,NA,NA,NA,NA,NA,NA,NA,NA,NA,NA,NA,NA,NA,NA,NA
"97832","Nouvelle-Calédonie","Yaté",129,1664,2,1.55,92,1687,17,18.48,NA,NA,NA,NA,NA,NA,NA,NA,NA,NA,NA,NA,NA,NA,NA,NA,NA,NA,NA,NA,NA,NA
"97833","Nouvelle-Calédonie","Kouaoua",209,971,12,5.74,180,987,40,22.22,NA,NA,NA,NA,NA,NA,NA,NA,NA,NA,NA,NA,NA,NA,NA,NA,NA,NA,NA,NA,NA,NA
"97711","Polynésie française","Anaa",275,420,39,14.18,342,354,116,33.92,NA,NA,NA,NA,NA,NA,NA,NA,NA,NA,NA,NA,NA,NA,NA,NA,NA,NA,NA,NA,NA,NA
"97712","Polynésie française","Arue",2485,4487,519,20.89,3040,3858,1527,50.23,NA,NA,NA,NA,NA,NA,NA,NA,NA,NA,NA,NA,NA,NA,NA,NA,NA,NA,NA,NA,NA,NA
"97713","Polynésie française","Arutua",435,1107,23,5.29,657,854,254,38.66,NA,NA,NA,NA,NA,NA,NA,NA,NA,NA,NA,NA,NA,NA,NA,NA,NA,NA,NA,NA,NA,NA
"97714","Polynésie française","Bora-Bora",1709,5552,266,15.56,2997,4203,1696,56.59,NA,NA,NA,NA,NA,NA,NA,NA,NA,NA,NA,NA,NA,NA,NA,NA,NA,NA,NA,NA,NA,NA
"97715","Polynésie française","Faa a",3809,14805,829,21.76,5195,13368,2698,51.93,NA,NA,NA,NA,NA,NA,NA,NA,NA,NA,NA,NA,NA,NA,NA,NA,NA,NA,NA,NA,NA,NA
"97716","Polynésie française","Fakarava",0,712,0,0,716,632,282,39.39,NA,NA,NA,NA,NA,NA,NA,NA,NA,NA,NA,NA,NA,NA,NA,NA,NA,NA,NA,NA,NA,NA
"97717","Polynésie française","Fangatau",94,122,22,23.4,114,102,55,48.25,NA,NA,NA,NA,NA,NA,NA,NA,NA,NA,NA,NA,NA,NA,NA,NA,NA,NA,NA,NA,NA,NA
"97718","Polynésie française","Fatu-Hiva",200,307,36,18,263,244,55,20.91,NA,NA,NA,NA,NA,NA,NA,NA,NA,NA,NA,NA,NA,NA,NA,NA,NA,NA,NA,NA,NA,NA
"97719","Polynésie française","Gambier",480,581,60,12.5,575,482,132,22.96,NA,NA,NA,NA,NA,NA,NA,NA,NA,NA,NA,NA,NA,NA,NA,NA,NA,NA,NA,NA,NA,NA
"97720","Polynésie française","Hao",535,564,95,17.76,659,437,233,35.36,NA,NA,NA,NA,NA,NA,NA,NA,NA,NA,NA,NA,NA,NA,NA,NA,NA,NA,NA,NA,NA,NA
"97721","Polynésie française","Hikueru",100,92,8,8,119,74,17,14.29,NA,NA,NA,NA,NA,NA,NA,NA,NA,NA,NA,NA,NA,NA,NA,NA,NA,NA,NA,NA,NA,NA
"97722","Polynésie française","Hitiaa O Te Ra",2014,5753,493,24.48,2847,4925,1425,50.05,NA,NA,NA,NA,NA,NA,NA,NA,NA,NA,NA,NA,NA,NA,NA,NA,NA,NA,NA,NA,NA,NA
"97723","Polynésie française","Hiva-Oa",993,988,111,11.18,1211,752,320,26.42,NA,NA,NA,NA,NA,NA,NA,NA,NA,NA,NA,NA,NA,NA,NA,NA,NA,NA,NA,NA,NA,NA
"97724","Polynésie française","Huahine",1216,3966,275,22.62,1678,3462,855,50.95,NA,NA,NA,NA,NA,NA,NA,NA,NA,NA,NA,NA,NA,NA,NA,NA,NA,NA,NA,NA,NA,NA
"97725","Polynésie française","Mahina",2952,7666,704,23.85,4113,6441,2148,52.22,NA,NA,NA,NA,NA,NA,NA,NA,NA,NA,NA,NA,NA,NA,NA,NA,NA,NA,NA,NA,NA,NA
"97726","Polynésie française","Makemo",605,687,58,9.59,739,549,263,35.59,NA,NA,NA,NA,NA,NA,NA,NA,NA,NA,NA,NA,NA,NA,NA,NA,NA,NA,NA,NA,NA,NA
"97727","Polynésie française","Manihi",411,590,36,8.76,571,437,157,27.5,NA,NA,NA,NA,NA,NA,NA,NA,NA,NA,NA,NA,NA,NA,NA,NA,NA,NA,NA,NA,NA,NA
"97728","Polynésie française","Maupiti",548,529,40,7.3,671,400,493,73.47,NA,NA,NA,NA,NA,NA,NA,NA,NA,NA,NA,NA,NA,NA,NA,NA,NA,NA,NA,NA,NA,NA
"97729","Polynésie française","Moorea-Maiao",3379,10095,639,18.91,5002,8342,2381,47.6,NA,NA,NA,NA,NA,NA,NA,NA,NA,NA,NA,NA,NA,NA,NA,NA,NA,NA,NA,NA,NA,NA
"97730","Polynésie française","Napuka",93,140,20,21.51,133,109,76,57.14,NA,NA,NA,NA,NA,NA,NA,NA,NA,NA,NA,NA,NA,NA,NA,NA,NA,NA,NA,NA,NA,NA
"97731","Polynésie française","Nuku-Hiva",807,1474,122,15.12,1075,1177,412,38.33,NA,NA,NA,NA,NA,NA,NA,NA,NA,NA,NA,NA,NA,NA,NA,NA,NA,NA,NA,NA,NA,NA
"97732","Polynésie française","Nukutavake",166,87,50,30.12,165,93,70,42.42,NA,NA,NA,NA,NA,NA,NA,NA,NA,NA,NA,NA,NA,NA,NA,NA,NA,NA,NA,NA,NA,NA
"97733","Polynésie française","Paea",2724,6471,566,20.78,3609,5520,1911,52.95,NA,NA,NA,NA,NA,NA,NA,NA,NA,NA,NA,NA,NA,NA,NA,NA,NA,NA,NA,NA,NA,NA
"97734","Polynésie française","Papara",1530,7117,340,22.22,2645,5998,1394,52.7,NA,NA,NA,NA,NA,NA,NA,NA,NA,NA,NA,NA,NA,NA,NA,NA,NA,NA,NA,NA,NA,NA
"97735","Polynésie française","Papeete",6015,12217,1231,20.47,7777,10372,3839,49.36,NA,NA,NA,NA,NA,NA,NA,NA,NA,NA,NA,NA,NA,NA,NA,NA,NA,NA,NA,NA,NA,NA
"97736","Polynésie française","Pirae",3947,6393,758,19.2,4882,5370,2043,41.85,NA,NA,NA,NA,NA,NA,NA,NA,NA,NA,NA,NA,NA,NA,NA,NA,NA,NA,NA,NA,NA,NA
"97737","Polynésie française","Puka Puka",69,75,49,71.01,78,66,33,42.31,NA,NA,NA,NA,NA,NA,NA,NA,NA,NA,NA,NA,NA,NA,NA,NA,NA,NA,NA,NA,NA,NA
"97738","Polynésie française","Punaauia",7013,11625,1362,19.42,8258,10097,3823,46.29,NA,NA,NA,NA,NA,NA,NA,NA,NA,NA,NA,NA,NA,NA,NA,NA,NA,NA,NA,NA,NA,NA
"97739","Polynésie française","Raivavae",260,520,59,22.69,317,484,173,54.57,NA,NA,NA,NA,NA,NA,NA,NA,NA,NA,NA,NA,NA,NA,NA,NA,NA,NA,NA,NA,NA,NA
"97740","Polynésie française","Rangiroa",1301,1773,141,10.84,1724,1339,1008,58.47,NA,NA,NA,NA,NA,NA,NA,NA,NA,NA,NA,NA,NA,NA,NA,NA,NA,NA,NA,NA,NA,NA
"97741","Polynésie française","Rapa",145,274,12,8.28,278,142,203,73.02,NA,NA,NA,NA,NA,NA,NA,NA,NA,NA,NA,NA,NA,NA,NA,NA,NA,NA,NA,NA,NA,NA
"97742","Polynésie française","Reao",266,198,35,13.16,308,155,93,30.19,NA,NA,NA,NA,NA,NA,NA,NA,NA,NA,NA,NA,NA,NA,NA,NA,NA,NA,NA,NA,NA,NA
"97743","Polynésie française","Rimatara",229,511,31,13.54,338,402,124,36.69,NA,NA,NA,NA,NA,NA,NA,NA,NA,NA,NA,NA,NA,NA,NA,NA,NA,NA,NA,NA,NA,NA
"97744","Polynésie française","Rurutu",1052,1106,91,8.65,1217,922,367,30.16,NA,NA,NA,NA,NA,NA,NA,NA,NA,NA,NA,NA,NA,NA,NA,NA,NA,NA,NA,NA,NA,NA
"97745","Polynésie française","Tahaa",1422,3179,274,19.27,2149,2462,1343,62.49,NA,NA,NA,NA,NA,NA,NA,NA,NA,NA,NA,NA,NA,NA,NA,NA,NA,NA,NA,NA,NA,NA
"97746","Polynésie française","Tahuata",247,333,39,15.79,295,284,98,33.22,NA,NA,NA,NA,NA,NA,NA,NA,NA,NA,NA,NA,NA,NA,NA,NA,NA,NA,NA,NA,NA,NA
"97747","Polynésie française","Taiarapu-Est",2367,7666,590,24.93,3693,6283,1949,52.78,NA,NA,NA,NA,NA,NA,NA,NA,NA,NA,NA,NA,NA,NA,NA,NA,NA,NA,NA,NA,NA,NA
"97748","Polynésie française","Taiarapu-Ouest",1494,4813,294,19.68,2380,3912,1363,57.27,NA,NA,NA,NA,NA,NA,NA,NA,NA,NA,NA,NA,NA,NA,NA,NA,NA,NA,NA,NA,NA,NA
"97749","Polynésie française","Takaroa",404,828,65,16.09,548,683,162,29.56,NA,NA,NA,NA,NA,NA,NA,NA,NA,NA,NA,NA,NA,NA,NA,NA,NA,NA,NA,NA,NA,NA
"97750","Polynésie française","Taputapuatea",1161,2751,228,19.64,1786,2077,863,48.32,NA,NA,NA,NA,NA,NA,NA,NA,NA,NA,NA,NA,NA,NA,NA,NA,NA,NA,NA,NA,NA,NA
"97751","Polynésie française","Tatakoto",93,63,9,9.68,113,46,88,77.88,NA,NA,NA,NA,NA,NA,NA,NA,NA,NA,NA,NA,NA,NA,NA,NA,NA,NA,NA,NA,NA,NA
"97752","Polynésie française","Teva I Uta",1634,5954,383,23.44,2970,4575,1330,44.78,NA,NA,NA,NA,NA,NA,NA,NA,NA,NA,NA,NA,NA,NA,NA,NA,NA,NA,NA,NA,NA,NA
"97753","Polynésie française","Tubuai",422,1403,98,23.22,655,1172,327,49.92,NA,NA,NA,NA,NA,NA,NA,NA,NA,NA,NA,NA,NA,NA,NA,NA,NA,NA,NA,NA,NA,NA
"97754","Polynésie française","Tumaraa",743,2295,146,19.65,1102,1908,528,47.91,NA,NA,NA,NA,NA,NA,NA,NA,NA,NA,NA,NA,NA,NA,NA,NA,NA,NA,NA,NA,NA,NA
"97755","Polynésie française","Tureia",97,145,16,16.49,108,130,29,26.85,NA,NA,NA,NA,NA,NA,NA,NA,NA,NA,NA,NA,NA,NA,NA,NA,NA,NA,NA,NA,NA,NA
"97756","Polynésie française","Ua-Huka",334,189,25,7.49,366,158,78,21.31,NA,NA,NA,NA,NA,NA,NA,NA,NA,NA,NA,NA,NA,NA,NA,NA,NA,NA,NA,NA,NA,NA
"97757","Polynésie française","Ua-Pou",729,1026,191,26.2,869,881,359,41.31,NA,NA,NA,NA,NA,NA,NA,NA,NA,NA,NA,NA,NA,NA,NA,NA,NA,NA,NA,NA,NA,NA
"97758","Polynésie française","Uturoa",1026,2472,227,22.12,1456,1981,720,49.45,NA,NA,NA,NA,NA,NA,NA,NA,NA,NA,NA,NA,NA,NA,NA,NA,NA,NA,NA,NA,NA,NA
"97501","Saint-Pierre-et-Miquelon","Miquelon-Langlade",232,268,62,26.72,267,216,143,53.56,NA,NA,NA,NA,NA,NA,NA,NA,NA,NA,NA,NA,NA,NA,NA,NA,NA,NA,NA,NA,NA,NA
"97502","Saint-Pierre-et-Miquelon","Saint-Pierre",2469,2004,397,16.08,2254,1948,1135,50.35,NA,NA,NA,NA,NA,NA,NA,NA,NA,NA,NA,NA,NA,NA,NA,NA,NA,NA,NA,NA,NA,NA
"97001","Wallis et Futuna","Wallis-Et-Futuna",5359,4125,579,10.8,5680,3674,1849,32.55,NA,NA,NA,NA,NA,NA,NA,NA,NA,NA,NA,NA,NA,NA,NA,NA,NA,NA,NA,NA,NA,NA
"97701","Saint-Martin/Saint-Barthélemy","Saint-Barthélémy",2642,2563,592,22.41,2781,2289,1522,54.73,NA,NA,NA,NA,NA,NA,NA,NA,NA,NA,NA,NA,NA,NA,NA,NA,NA,NA,NA,NA,NA,NA
"97801","Saint-Martin/Saint-Barthélemy","Saint-Martin",5726,13249,853,14.9,5856,12818,3265,55.75,NA,NA,NA,NA,NA,NA,NA,NA,NA,NA,NA,NA,NA,NA,NA,NA,NA,NA,NA,NA,NA,NA
